1,0,0,http://www.google.com
2,0,0,http://www.facebook.com
3,0,0,http://www.youtube.com
4,0,0,http://www.yahoo.com
5,0,0,http://www.baidu.com
6,0,0,http://www.wikipedia.org
7,0,1,http://www.live.com
8,0,0,http://www.blogspot.com
9,0,0,http://www.twitter.com
10,0,0,http://www.qq.com
11,0,0,http://www.amazon.com
12,0,0,http://www.linkedin.com
13,0,0,http://www.google.co.in
14,0,0,http://www.msn.com
15,0,0,http://www.taobao.com
16,0,0,http://www.yahoo.co.jp
17,0,0,http://www.sina.com.cn
18,0,0,http://www.wordpress.com
19,0,0,http://www.google.de
20,0,0,http://www.google.com.hk
21,0,0,http://www.ebay.com
22,0,0,http://www.google.co.jp
23,0,0,http://www.yandex.ru
24,0,0,http://www.google.co.uk
25,0,0,http://www.bing.com
26,0,0,http://www.google.fr
27,0,0,http://www.weibo.com
28,0,0,http://www.googleusercontent.com
29,0,0,http://www.t.co
30,0,0,http://www.microsoft.com
31,0,0,http://www.163.com
32,0,0,http://mail.ru
33,0,0,http://www.google.com.br
34,0,0,http://www.paypal.com
35,0,0,http://www.apple.com
36,0,0,http://www.sogou.com
37,0,0,http://www.tumblr.com
38,0,0,http://www.google.it
39,0,0,http://www.sohu.com
40,0,0,http://www.imdb.com
41,0,0,http://www.google.ru
42,0,0,http://www.google.es
43,0,0,http://vk.com
44,0,0,http://www.blogger.com
45,0,0,http://fc2.com
46,0,0,http://www.craigslist.org
47,0,0,http://www.flickr.com
48,0,0,http://www.bbc.co.uk
49,0,0,http://www.babylon.com
50,0,0,http://www.ask.com
51,0,0,http://www.go.com
52,0,0,http://www.pinterest.com
53,0,0,http://www.youku.com
54,0,0,http://www.xvideos.com
55,0,0,http://www.ifeng.com
56,0,0,http://www.xhamster.com
57,0,0,http://www.zedo.com
58,0,0,http://www.google.com.mx
59,0,0,http://www.google.ca
60,0,0,http://www.tudou.com
61,0,0,http://www.tmall.com
62,0,0,http://www.mediafire.com
63,0,0,http://www.cnn.com
64,0,0,http://www.aol.com
65,0,0,http://www.conduit.com
66,0,0,http://www.livejasmin.com
67,0,0,http://www.adobe.com
68,0,0,http://www.about.com
69,0,1,http://www.odnoklassniki.ru
70,0,0,http://www.google.co.id
71,0,0,http://www.rakuten.co.jp
72,0,0,http://imgur.com
73,0,0,http://www.ebay.de
74,0,0,http://www.ameblo.jp
75,0,0,http://www.wordpress.org
76,0,0,http://www.google.com.tr
77,0,0,http://www.espn.go.com
78,0,0,http://www.pornhub.com
79,0,0,http://www.godaddy.com
80,0,0,http://www.360buy.com
81,0,0,http://www.alibaba.com
82,0,0,http://www.google.com.au
83,0,0,http://www.4shared.com
84,0,0,http://www.uol.com.br
85,0,0,http://www.amazon.de
86,0,0,http://www.huffingtonpost.com
87,0,0,http://www.google.pl
88,0,0,http://www.hao123.com
89,0,0,http://www.amazon.co.jp
90,0,0,http://www.bp.blogspot.com
91,0,0,http://www.livedoor.com
92,0,0,http://www.cnet.com
93,0,0,http://www.chinaz.com
94,0,0,http://www.ebay.co.uk
95,0,0,http://www.avg.com
96,0,0,http://www.netflix.com
97,0,0,http://www.alipay.com
98,0,0,http://www.thepiratebay.se
99,0,0,http://www.blogspot.in
100,0,0,http://www.globo.com
101,0,0,http://www.stackoverflow.com
102,0,0,http://www.nytimes.com
103,0,0,http://www.youporn.com
104,0,0,http://www.renren.com
105,0,0,http://www.dailymotion.com
106,0,0,http://www.amazon.co.uk
107,0,0,http://www.livejournal.com
108,0,0,http://www.douban.com
109,0,0,http://www.google.com.sa
110,0,0,http://www.sogou.com
111,0,0,http://www.google.nl
112,0,1,http://www.cnzz.com
113,0,0,http://www.redtube.com
114,0,0,http://www.mywebsearch.com
115,0,0,http://adf.ly
116,0,0,http://www.dailymail.co.uk
117,0,0,http://www.addthis.com
118,0,0,http://www.tianya.cn
119,0,0,http://www.secureserver.net
120,0,0,http://www.weather.com
121,0,0,http://badoo.com
122,0,0,http://www.google.com.ar
123,0,0,http://www.vimeo.com
124,0,0,http://www.yieldmanager.com
125,0,0,http://www.reddit.com
126,0,0,http://www.xnxx.com
127,0,0,http://www.bankofamerica.com
128,0,0,http://www.fbcdn.net
129,0,0,http://www.sparkstudios.com
130,0,0,http://www.torrentz.eu
131,0,0,http://www.pengyou.com
132,0,0,http://www.naver.com
133,0,0,http://www.searchqu.com
134,0,1,http://www.filestube.com
135,0,0,http://www.goo.ne.jp
136,0,0,http://www.tube8.com
137,0,0,http://www.google.com.pk
138,0,0,http://www.amazonaws.com
139,0,0,http://www.58.com
140,0,0,http://www.aweber.com
141,0,0,http://www.deviantart.com
142,0,0,http://www.rapidshare.com
143,0,0,http://www.google.co.th
144,0,0,http://www.chase.com
145,0,0,http://www.warriorforum.com
146,0,0,http://www.google.cn
147,0,0,http://www.indiatimes.com
148,0,0,http://www.search-results.com
149,0,0,http://www.stumbleupon.com
150,0,0,http://www.spiegel.de
151,0,0,http://www.pconline.com.cn
152,0,0,http://www.ehow.com
153,0,0,http://www.sourceforge.net
154,0,0,http://www.google.com.eg
155,0,0,http://www.photobucket.com
156,0,0,http://www.mozilla.org
157,0,0,http://www.myspace.com
158,0,0,http://www.google.co.za
159,0,0,http://www.optmd.com
160,0,0,http://www.etsy.com
161,0,0,http://www.foxnews.com
162,0,1,http://www.doubleclick.com
163,0,0,http://www.reference.com
164,0,0,http://www.skype.com
165,0,0,http://www.imageshack.us
166,0,0,http://www.depositfiles.com
167,0,0,http://www.espncricinfo.com
168,0,0,http://www.statcounter.com
169,0,0,http://www.answers.com
170,0,0,http://www.wellsfargo.com
171,0,0,http://www.clicksor.com
172,0,1,http://www.download.com
173,0,0,http://www.ucoz.ru
174,0,0,http://www.zol.com.cn
175,0,0,http://www.comcast.net
176,0,1,http://www.guardian.co.uk
177,0,0,http://www.nicovideo.jp
178,0,0,http://www.rediff.com
179,0,0,http://www.360.cn
180,0,0,http://www.wikimedia.org
181,0,0,http://www.liveinternet.ru
182,0,0,http://www.google.com.my
183,0,0,http://www.free.fr
184,0,0,http://www.yelp.com
185,0,0,http://www.taringa.net
186,0,0,http://www.wikia.com
187,0,0,http://www.onet.pl
188,0,0,http://www.w3schools.com
189,0,1,http://www.uploaded.to
190,0,0,http://www.bild.de
191,0,0,http://www.digg.com
192,0,0,http://www.56.com
193,0,1,http://www.files.wordpress.com
194,0,0,http://www.google.co.ve
195,0,0,http://www.blogfa.com
196,0,0,http://www.xunlei.com
197,0,0,http://www.rambler.ru
198,0,0,http://www.walmart.com
199,0,0,http://www.fiverr.com
200,0,0,http://www.outbrain.com
201,0,0,http://www.hootsuite.com
202,0,0,http://www.slideshare.net
203,0,0,http://www.allegro.pl
204,0,0,http://www.hatena.ne.jp
205,0,0,http://www.dropbox.com
206,0,0,http://www.ameba.jp
207,0,0,http://www.themeforest.net
208,0,0,http://www.hulu.com
209,0,0,http://www.iqiyi.com
210,0,0,http://www.terra.com.br
211,0,0,http://www.squidoo.com
212,0,0,http://www.booking.com
213,0,0,http://www.mashable.com
214,0,0,http://www.people.com.cn
215,0,0,http://www.wsj.com
216,0,0,http://www.google.gr
217,0,0,http://www.domaintools.com
218,0,0,http://www.google.be
219,0,0,http://www.ganji.com
220,0,0,http://www.archive.org
221,0,0,http://www.google.com.co
222,0,0,http://www.kat.ph
223,0,0,http://www.php.net
224,0,0,http://www.soku.com
225,0,0,http://www.repubblica.it
226,0,0,http://www.reuters.com
227,0,0,http://www.salesforce.com
228,0,0,http://www.softonic.com
229,0,0,http://www.orkut.com
230,0,0,http://www.9gag.com
231,0,0,http://www.orkut.com.br
232,0,0,http://www.adultfriendfinder.com
233,0,0,http://www.youjizz.com
234,0,1,http://www.hudong.com
235,0,0,http://www.nba.com
236,0,0,http://www.orange.fr
237,0,0,http://www.google.com.ua
238,0,0,http://www.mixi.jp
239,0,0,http://www.leboncoin.fr
240,0,1,http://www.isohunt.com
241,0,0,http://www.xinhuanet.com
242,0,0,http://www.hostgator.com
243,0,0,http://www.soufun.com
244,0,0,http://www.wordreference.com
245,0,0,http://www.google.com.tw
246,0,0,http://www.android.com
247,0,0,http://www.ups.com
248,0,0,http://www.hp.com
249,0,0,http://www.telegraph.co.uk
250,0,0,http://www.scribd.com
251,0,0,http://www.google.se
252,0,0,http://www.typepad.com
253,0,0,http://www.web.de
254,0,0,http://www.linkwithin.com
255,0,0,http://www.tripadvisor.com
256,0,0,http://www.clickbank.com
257,0,0,http://www.kaskus.us
258,0,0,http://www.daum.net
259,0,0,http://www.google.at
260,0,0,http://www.libero.it
261,0,0,http://www.joomla.org
262,0,0,http://www.google.ro
263,0,1,http://www.wp.pl
264,0,0,http://www.google.com.ph
265,0,0,http://www.rutracker.org
266,0,0,http://www.51job.com
267,0,0,http://www.xing.com
268,0,0,http://www.gmx.net
269,0,0,http://www.fileserve.com
270,0,0,http://www.51.la
271,0,0,http://www.hubpages.com
272,0,0,http://www.twitpic.com
273,0,0,http://www.aizhan.com
274,0,0,http://www.washingtonpost.com
275,0,1,http://www.adjuggler.net
276,0,0,http://www.ku6.com
277,0,0,http://www.groupon.com
278,0,1,http://www.narod.ru
279,0,0,http://www.thefreedictionary.com
280,0,1,http://www.tribalfusion.com
281,0,0,http://www.csdn.net
282,0,0,http://www.constantcontact.com
283,0,0,http://www.google.ch
284,0,0,http://www.youdao.com
285,0,0,http://www.kaixin001.com
286,0,0,http://www.usps.com
287,0,1,http://www.maktoob.com
288,0,0,http://www.hardsextube.com
289,0,0,http://www.cj.com
290,0,0,http://www.y8.com
291,0,0,http://www.google.com.vn
292,0,0,http://www.intuit.com
293,0,0,http://www.tagged.com
294,0,1,http://www.hotfile.com
295,0,0,http://www.ikea.com
296,0,0,http://www.dell.com
297,0,1,http://www.angege.com
298,0,0,http://www.indeed.com
299,0,0,http://www.google.com.pe
300,0,0,http://www.corriere.it
301,0,0,http://www.paipai.com
302,0,0,http://www.digitalpoint.com
303,0,0,http://www.ezinearticles.com
304,0,0,http://www.target.com
305,0,0,http://www.amazon.cn
306,0,0,http://www.cam4.com
307,0,1,http://www.letitbit.net
308,0,1,http://www.homeway.com.cn
309,0,0,http://www.pof.com
310,0,0,http://www.sweetim.com
311,0,0,http://www.google.cl
312,0,0,http://www.china.com
313,0,0,http://www.bestbuy.com
314,0,0,http://www.drtuber.com
315,0,0,http://www.nifty.com
316,0,0,http://www.google.com.sg
317,0,0,http://www.2ch.net
318,0,0,http://www.google.com.ng
319,0,0,http://www.it168.com
320,0,0,http://www.marca.com
321,0,0,http://www.kakaku.com
322,0,0,http://www.forbes.com
323,0,0,http://www.xe.com
324,0,1,http://www.seesaa.net
325,0,0,http://www.mercadolivre.com.br
326,0,0,http://www.samsung.com
327,0,0,http://www.soundcloud.com
328,0,0,http://www.leo.org
329,0,0,http://www.mop.com
330,0,0,http://www.filesonic.com
331,0,0,http://www.istockphoto.com
332,0,0,http://www.126.com
333,0,0,http://www.adcash.com
334,0,0,http://www.tmz.com
335,0,0,http://www.shutterstock.com
336,0,0,http://www.10086.cn
337,0,0,http://www.google.co.kr
338,0,0,http://www.autohome.com.cn
339,0,0,http://www.google.pt
340,0,0,http://www.ign.com
341,0,0,http://www.ebay.it
342,0,0,http://www.ig.com.br
343,0,0,http://www.putlocker.com
344,0,0,http://www.w3.org
345,0,0,http://www.t-online.de
346,0,0,http://www.nih.gov
347,0,0,http://www.huanqiu.com
348,0,0,http://www.ning.com
349,0,0,http://www.elpais.com
350,0,0,http://www.irs.gov
351,0,0,http://www.americanexpress.com
352,0,0,http://www.letv.com
353,0,0,http://www.thepiratebay.org
354,0,0,http://www.over-blog.com
355,0,0,http://www.dianping.com
356,0,0,http://www.usatoday.com
357,0,0,http://www.trekaklik.com
358,0,0,http://www.pandora.com
359,0,0,http://www.weebly.com
360,0,0,http://www.seznam.cz
361,0,0,http://www.kooora.com
362,0,0,http://www.4399.com
363,0,0,http://www.instagr.am
364,0,0,http://www.goal.com
365,0,0,http://www.match.com
366,0,0,http://www.att.com
367,0,0,http://www.techcrunch.com
368,0,0,http://www.uimserv.net
369,0,0,http://www.akamaihd.net
370,0,0,http://www.latimes.com
371,0,0,http://www.abcnews.go.com
372,0,0,http://www.yesky.com
373,0,0,http://www.elmundo.es
374,0,0,http://www.zimbio.com
375,0,0,http://www.fedex.com
376,0,0,http://www.github.com
377,0,0,http://www.in.com
378,0,0,http://www.opendns.com
379,0,0,http://www.freelancer.com
380,0,1,http://www.love21cn.com
381,0,0,http://www.commentcamarche.net
382,0,1,http://www.gazeta.pl
383,0,0,http://www.zhaopin.com
384,0,0,http://www.megaupload.com
385,0,0,http://www.bluehost.com
386,0,0,http://www.google.ae
387,0,0,http://www.39.net
388,0,0,http://www.vnexpress.net
389,0,0,http://www.pptv.com
390,0,0,http://www.sakura.ne.jp
391,0,0,http://www.ero-advertising.com
392,0,0,http://www.zeekrewards.com
393,0,0,http://www.google.ie
394,0,0,http://www.alimama.com
395,0,0,http://www.xcar.com.cn
396,0,0,http://www.bloomberg.com
397,0,0,http://traforet.com/
398,0,0,http://www.wretch.cc
399,0,0,http://www.google.co.hu
400,0,0,http://www.ebay.com.au
401,0,0,http://www.expedia.com
402,0,0,http://www.drudgereport.com
403,0,0,http://www.milliyet.com.tr
404,0,0,http://www.amazon.fr
405,0,0,http://www.newegg.com
406,0,1,http://www.jobrapido.com
407,0,1,http://www.hurriyet.com.tr
408,0,0,http://www.delicious.com
409,0,0,http://www.webs.com
410,0,0,http://www.mailchimp.com
411,0,0,http://www.biglobe.ne.jp
412,0,0,http://www.extratorrent.com
413,0,0,http://www.drupal.org
414,0,0,http://www.histats.com
415,0,1,http://www.115.com
416,0,0,http://www.google.cz
417,0,0,http://www.rr.com
418,0,1,http://www.multiply.com
419,0,0,http://www.pch.com
420,0,0,http://www.seomoz.org
421,0,0,http://www.surveymonkey.com
422,0,1,http://www.17kuxun.com
423,0,0,http://www.google.dk
426,0,0,http://www.brothersoft.com
427,0,1,http://www.hoopchina.com
428,0,0,http://www.viadeo.com
429,0,0,http://www.pchome.net
430,0,0,http://www.dangdang.com
431,0,1,http://www.netlog.com
432,0,0,http://www.cntv.cn
433,0,0,http://www.google.no
434,0,0,http://www.secureintl.com
435,0,0,http://www.mpnrs.com
436,0,0,http://www.fotolia.com
437,0,0,http://www.allrecipes.com
438,0,0,http://www.bitauto.com
439,0,0,http://www.businessinsider.com
440,0,1,http://www.yfrog.com
441,0,0,http://www.informer.com
442,0,0,http://www.softpedia.com
443,0,0,http://www.eastmoney.com
444,0,0,http://www.metacafe.com
445,0,0,http://www.google.co.il
446,0,0,http://www.chinanews.com
447,0,0,http://www.cbsnews.com
448,0,1,http://www.pcauto.com.cn
449,0,0,http://www.detik.com
450,0,0,http://www.spankwire.com
451,0,0,http://www.speedtest.net
453,0,0,http://www.mynet.com
454,0,0,http://www.ibm.com
455,0,0,http://www.jquery.com
456,0,0,http://www.verizonwireless.com
457,0,0,http://www.hdfcbank.com
458,0,0,http://www.tabelog.com
459,0,0,http://www.demonoid.me
460,0,0,http://www.bitly.com
461,0,0,http://www.lemonde.fr
462,0,1,http://www.mihanblog.com
463,0,0,http://www.chip.de
464,0,0,http://www.enet.com.cn
465,0,0,http://www.gsmarena.com
466,0,0,http://www.engadget.com
467,0,0,http://www.youm7.com
469,0,0,http://www.verycd.com
470,0,0,http://www.virgilio.it
471,0,0,http://www.meetup.com
472,0,0,http://www.google.fi
473,0,0,http://www.capitalone.com
474,0,0,http://www.yandex.ua
475,0,0,http://www.zanox.com
476,0,0,http://www.meituan.com
477,0,0,http://www.dmm.co.jp
478,0,0,http://www.people.com
479,0,0,http://www.alphaporno.com
480,0,0,http://www.ovh.net
481,0,0,http://www.arpg2.com
482,0,0,http://www.2345.com
483,0,0,http://www.benaughty.com
484,0,0,http://www.livedoor.biz
485,0,0,http://www.pornhublive.com
486,0,0,http://www.sinaimg.cn
487,0,0,http://www.baixing.com
488,0,0,http://www.odesk.com
489,0,0,http://www.swagbucks.com
490,0,0,http://www.snapdeal.com
491,0,0,http://www.sitesell.com
492,0,0,http://www.mgid.com
493,0,0,http://www.blackhatworld.com
494,0,0,http://www.myegy.com
495,0,0,http://www.basecamphq.com
496,0,0,http://www.vancl.com
497,0,0,http://www.exoclick.com
498,0,0,http://www.naukri.com
499,0,0,http://www.news.com.au
500,0,0,http://www.movie2k.to
501,0,0,http://www.webmd.com
502,0,0,http://www.exblog.jp
503,0,0,http://www.yomiuri.co.jp
504,0,0,http://www.livingsocial.com
505,0,0,http://www.turbobit.net
506,0,0,http://www.bravotube.net
507,0,0,http://www.dianxin.cn
508,0,0,http://www.itau.com.br
509,0,0,http://www.weather.com.cn
510,0,0,http://www.zillow.com
511,0,0,http://www.am10.ru
512,0,0,http://www.jimdo.com
513,0,0,http://www.xtendmedia.com
514,0,0,http://www.twoo.com
515,0,0,http://www.abril.com.br
516,0,0,http://www.imesh.com
517,0,1,http://www.lzjl.com
518,0,0,http://www.bet365.com
519,0,1,http://www.posterous.com
520,0,0,http://www.livescore.com
521,0,1,http://www.imagevenue.com
522,0,0,http://www.tradedoubler.com
523,0,0,http://www.nu.nl
524,0,0,http://www.oracle.com
525,0,0,http://www.pogo.com
526,0,1,http://www.gc.ca
527,0,0,http://www.facemoods.com
528,0,0,http://www.rbc.ru
529,0,0,http://www.gotomeeting.com
530,0,1,http://www.cnblogs.com
531,0,0,http://who.is
532,0,0,http://www.quickmeme.com
533,0,0,http://www.feedburner.com
534,0,0,http://www.aliexpress.com
535,0,0,http://www.blog.163.com
536,0,0,http://www.retailmenot.com
537,0,0,http://www.qunar.com
538,0,0,http://www.admagnet.net
539,0,1,http://www.justbeenpaid.com
540,0,0,http://www.ustream.tv
541,0,0,http://www.miniclip.com
542,0,0,http://www.disney.go.com
543,0,1,http://www.peyvandha.ir
544,0,0,http://www.altervista.org
545,0,0,http://www.coupons.com
546,0,0,http://www.888.com
547,0,0,http://www.lenta.ru
548,0,0,http://www.masrawy.com
549,0,0,http://www.avito.ru
550,0,1,http://www.keezmovies.com
551,0,0,http://www.ilmeteo.it
552,0,0,http://www.thesun.co.uk
553,0,0,http://www.pgmediaserve.com
554,0,0,http://www.time.com
555,0,0,http://www.wix.com
556,0,0,http://www.excite.co.jp
557,0,0,http://www.mercadolibre.com.ar
558,0,0,http://www.agoda.com
559,0,1,http://www.ya.ru
560,0,0,http://www.mobile.de
561,0,0,http://www.immobilienscout24.de
562,0,0,http://www.blackberry.com
563,0,0,http://www.foxsports.com
564,0,0,http://www.nokia.com
565,0,0,http://issuu.com
566,0,0,http://www.moneycontrol.com
567,0,1,http://www.naver.jp
568,0,0,http://www.linksynergy.com
569,0,1,http://www.ilivid.com
570,0,0,http://www.gutefrage.net
571,0,0,http://www.discuz.net
572,0,0,http://www.wunderground.com
573,0,0,http://www.barnesandnoble.com
574,0,0,http://www.tutsplus.com
575,0,0,http://www.hc360.com
576,0,0,http://www.marketwatch.com
577,0,0,http://www.duowan.com
578,0,0,http://www.varzesh3.com
579,0,0,http://www.getfirebug.com
580,0,0,http://www.nikkei.com
581,0,0,http://www.tinypic.com
582,0,0,http://www.bearshare.com
583,0,0,http://www.123rf.com
584,0,0,http://www.buzzfeed.com
585,0,0,http://www.mercadolibre.com.mx
586,0,0,http://www.flipkart.com
587,0,0,http://www.battle.net
588,0,0,http://www.accuweather.com
589,0,0,http://www.shopathome.com
590,0,0,http://www.cocolog-nifty.com
591,0,0,http://www.www.net.cn
592,0,0,http://www.slickdeals.net
593,0,0,http://www.sahibinden.com
594,0,0,http://www.iminent.com
595,0,0,http://www.templatemonster.com
596,0,1,http://www.slutload.com
597,0,0,http://www.icicibank.com
598,0,0,http://www.sape.ru
599,0,0,http://www.macys.com
600,0,0,http://www.shareasale.com
601,0,0,http://www.smashingmagazine.com
602,0,0,http://www.custhelp.com
603,0,0,http://www.cmbchina.com
604,0,0,http://www.persianblog.ir
605,0,0,http://www.elance.com
606,0,0,http://www.twimg.com
607,0,0,http://www.ocn.ne.jp
608,0,0,http://www.force.com
609,0,1,http://www.qidian.com
610,0,0,http://www.wupload.com
611,0,0,http://www.nikkeibp.co.jp
612,0,0,http://www.kijiji.ca
613,0,0,http://www.gamespot.com
614,0,1,http://www.imagebam.com
615,0,0,http://www.lefigaro.fr
616,0,0,http://www.overstock.com
617,0,1,http://www.amung.us
618,0,1,http://www.geocities.jp
619,0,0,www.wikihow.com/Main-Page
620,0,0,http://www.sears.com
621,0,0,http://www.justin.tv
622,0,0,http://www.google.sk
623,0,0,http://www.cnbeta.com
624,0,0,http://www.neobux.com
625,0,0,http://www.okwave.jp
626,0,0,http://www.inbox.com
627,0,0,http://www.kinopoisk.ru
628,0,0,http://www.quikr.com
629,0,0,http://www.mysql.com
630,0,0,http://www.google.co.ma
631,0,0,http://www.monster.com
632,0,0,http://www.adscale.de
633,0,0,http://www.mapquest.com
634,0,0,http://www.goodreads.com
635,0,0,http://www.verizon.com
636,0,0,http://www.twcczhu.com
637,0,0,http://www.homedepot.com
638,0,0,http://www.bigpoint.com
639,0,0,http://www.lequipe.fr
640,0,0,http://www.careerbuilder.com
641,0,0,http://www.etao.com
642,0,0,http://www.tnaflix.com
643,0,0,http://www.52pk.net
644,0,0,http://www.sponichi.co.jp
645,0,0,http://www.manta.com
646,0,0,http://www.mtime.com
647,0,0,http://www.focus.cn
648,0,0,http://www.nate.com
649,0,0,http://www.timeanddate.com
650,0,0,http://www.woot.com
651,0,0,http://www.dreamstime.com
652,0,0,http://www.so-net.ne.jp
653,0,0,http://www.infusionsoft.com
654,0,0,http://www.gismeteo.ru
655,0,0,http://www.skyrock.com
656,0,0,http://www.clixsense.com
657,0,1,http://www.hypergames.net
658,0,0,http://www.heise.de
659,0,1,http://www.taleo.net
660,0,0,http://www.interia.pl
661,0,0,http://www.clickbank.net
662,0,0,http://www.bleacherreport.com
663,0,0,http://www.xtube.com
664,0,1,http://www.theplanet.com
665,0,0,http://www.fatakat.com
666,0,0,http://www.softlayer.com
667,0,0,http://www.nextag.com
668,0,0,http://www.microsoftonline.com
669,0,1,http://www.anonym.to
670,0,0,http://www.getresponse.com
671,0,0,http://www.businessweek.com
672,0,1,http://www.oron.com
673,0,0,http://www.way2sms.com
674,0,0,http://www.uploading.com
675,0,0,http://www.filehippo.com
676,0,0,http://www.oneindia.in
677,0,0,http://www.last.fm
678,0,1,http://www.114so.cn
679,0,0,http://www.yellowpages.com
680,0,0,http://www.lifehacker.com
681,0,0,http://www.hrblock.com
682,0,1,http://www.as.com
683,0,0,http://www.mybrowserbar.com
684,0,1,http://www.6.cn
685,0,0,http://www.list-manage.com
686,0,0,http://www.dmoz.org
687,0,0,http://www.avast.com
688,0,0,http://www.hubspot.com
689,0,0,http://www.tom.com
690,0,0,http://www.thepostgame.com
691,0,0,http://www.folha.uol.com.br
692,0,0,http://www.sapo.pt
693,0,0,http://www.webmoney.ru
694,0,0,http://www.kohls.com
695,0,1,http://www.nuvid.com
696,0,0,http://www.nhl.com
697,0,0,http://www.babycenter.com
698,0,0,http://www.ndtv.com
699,0,0,http://www.wiktionary.org
700,0,0,http://www.pcgames.com.cn
701,0,0,http://www.myfreecams.com
702,0,0,http://www.ynet.com
703,0,0,http://www.nydailynews.com
704,0,0,http://www.europa.eu
705,0,0,http://www.google.az
706,0,0,http://www.cracked.com
707,0,0,http://www.blog.com
708,0,0,http://www.jugem.jp
709,0,0,http://www.appspot.com
710,0,0,http://www.icbc.com.cn
711,0,0,http://www.usbank.com
712,0,0,http://www.inetglobal.com
713,0,0,http://www.ebay.in
714,0,0,http://www.1und1.de
715,0,0,http://www.filepost.com
716,0,0,http://www.asahi.com
717,0,0,http://www.priceline.com
718,0,0,http://www.backpage.com
719,0,0,http://www.eluniversal.com.mx
720,0,0,http://www.porn.com
721,0,0,http://www.southwest.com
722,0,0,http://www.4tube.com
723,0,0,http://www.gap.com
724,0,0,http://www.beeg.com
725,0,0,http://www.namecheap.com
726,0,0,http://www.codecanyon.net
727,0,0,http://www.networkedblogs.com
728,0,0,http://www.whitepages.com
729,0,0,http://www.dantri.com.vn
730,0,0,http://www.cnbc.com
731,0,0,http://www.sulekha.com
732,0,0,http://www.yocc.net
733,0,0,http://www.zappos.com
734,0,0,http://www.justdial.com
735,0,0,http://www.foodnetwork.com
736,0,0,http://www.ancestry.com
737,0,0,http://www.kayak.com
738,0,0,http://www.gi-akademie.com
739,0,0,http://www.ucoz.com
740,0,0,http://www.urbandictionary.com
741,0,0,http://www.mangareader.net
742,0,0,http://www.freakshare.com
743,0,0,http://www.fotostrana.ru
744,0,0,http://www.tripod.com
745,0,0,http://www.acesse.com
746,0,0,http://www.impress.co.jp
747,0,0,http://www.porntube.com
748,0,0,http://www.welt.de
749,0,0,http://www.xyxy.net
750,0,0,http://www.howstuffworks.com
751,0,0,http://www.hotels.com
752,0,0,http://www.iloveyouxi.com
753,0,0,http://www.macrumors.com
754,0,0,http://www.wo.com.cn
755,0,0,http://www.paper.li
756,0,0,http://www.td.com
757,0,0,http://www.habrahabr.ru
758,0,0,http://www.beemp3.com
759,0,0,http://www.jcpenney.com
760,0,0,http://www.nfl.com
761,0,0,http://www.magentocommerce.com
762,0,0,http://www.google.co.nz
763,0,0,http://www.trulia.com
764,0,0,http://www.xda-developers.com
765,0,0,http://www.goo.gl
766,0,0,http://www.ca.gov
767,0,0,http://www.dtiblog.com
768,0,0,http://www.gizmodo.com
769,0,0,http://www.blogimg.jp
770,0,0,http://www.1channel.ch
771,0,0,http://www.kompas.com
772,0,0,http://www.51.com
773,0,0,http://www.nhk.or.jp
774,0,0,http://www.japanpost.jp
775,0,0,http://www.pcworld.com
776,0,0,http://www.rottentomatoes.com
777,0,0,http://www.infolinks.com
778,0,0,http://www.dict.cc
779,0,0,http://www.telegraaf.nl
780,0,0,http://www.quora.com
781,0,0,http://www.cheshi.com.cn
782,0,0,http://www.mediaset.it
783,0,0,http://www.pixiv.net
784,0,0,http://www.rakuten.ne.jp
785,0,0,http://www.okcupid.com
786,0,0,http://www.indianrail.gov.in
787,0,0,http://www.weiphone.com
788,0,0,http://www.btjunkie.org
789,0,0,http://www.logmein.com
790,0,0,http://www.allocine.fr
791,0,0,http://www.nextmedia.com
792,0,0,http://www.aftonbladet.se
793,0,0,http://www.biglion.ru
794,0,0,http://www.picnik.com
795,0,0,http://www.hiapk.com
796,0,0,http://www.bitshare.com
797,0,0,http://www.grooveshark.com
798,0,0,http://www.eyny.com
799,0,0,http://www.livestrong.com
800,0,0,http://www.qip.ru
801,0,0,http://www.meilishuo.com
802,0,0,http://www.mynavi.jp
803,0,0,http://www.pagesjaunes.fr
804,0,0,http://www.google.bg
805,0,0,http://www.gazzetta.it
806,0,0,http://www.haberturk.com
807,0,0,http://www.zynga.com
808,0,0,http://www.zhubajie.com
809,0,0,http://www.tataindicom.com
810,0,0,http://www.java.com
811,0,0,http://www.onlinedown.net
812,0,0,http://www.xdating.com
813,0,0,http://www.itmedia.co.jp
814,0,0,http://www.ccb.com
815,0,0,http://www.wired.com
816,0,0,http://www.klout.com
817,0,0,http://www.atwiki.jp
818,0,0,http://www.cbslocal.com
819,0,0,http://www.semrush.com
820,0,0,http://www.speedbit.com
821,0,0,http://www.ziddu.com
822,0,0,http://www.hgtv.com
823,0,0,http://www.box.com
824,0,0,http://www.searchengines.ru
825,0,0,http://www.bodybuilding.com
826,0,0,http://www.ctrip.com
827,0,0,http://www.subscene.com
828,0,0,http://www.linternaute.com
829,0,0,http://www.allabout.co.jp
830,0,0,http://www.cookpad.com
831,0,0,http://www.google.lk
832,0,0,http://www.flippa.com
833,0,0,http://www.earthlink.net
834,0,0,http://www.tubegalore.com
835,0,0,http://www.citibank.com
836,0,0,http://www.vente-privee.com
837,0,0,http://www.adult-empire.com
838,0,0,http://www.realtor.com
839,0,0,http://www.lockerz.com
840,0,0,http://www.pixnet.net
841,0,0,http://www.google.com.kw
842,0,0,http://www.xvideoslive.com
843,0,0,http://www.m-w.com
844,0,0,http://www.ticketmaster.com
845,0,0,http://www.ibibo.com
846,0,0,http://www.focus.de
847,0,0,http://www.asos.com
848,0,0,http://www.examiner.com
849,0,0,http://www.streamate.com
850,0,0,http://www.warez-bb.org
851,0,0,http://www.iconfinder.com
852,0,0,http://www.dealextreme.com
853,0,0,http://www.docin.com
854,0,0,http://www.tabnak.ir
855,0,0,http://www.npr.org
856,0,0,http://www.foursquare.com
857,0,0,http://www.smh.com.au
858,0,0,http://www.orf.at
859,0,0,http://www.google.com.qa
860,0,0,http://www.sanook.com
861,0,0,http://www.china.com.cn
862,0,0,http://www.sky.com
863,0,0,http://www.adonweb.ru
864,0,0,http://www.sfr.fr
865,0,0,http://www.discoverbing.com
866,0,0,http://www.zendesk.com
867,0,0,http://www.sfgate.com
868,0,0,http://www.metrolyrics.com
869,0,0,http://www.alice.it
870,0,0,http://www.hsbc.co.uk
871,0,0,http://www.udn.com
872,0,0,http://www.vmn.net
873,0,0,http://www.logsoku.com
874,0,0,http://www.dyndns.org
875,0,0,http://www.sitemeter.com
876,0,0,http://www.lowes.com
877,0,0,http://www.gamefaqs.com
878,0,0,http://www.boston.com
879,0,0,http://www.nypost.com
880,0,0,http://www.marktplaats.nl
881,0,0,http://www.19lou.com
882,0,0,http://www.olx.in
883,0,0,http://www.icontact.com
884,0,0,http://www.cnr.cn
885,0,0,http://www.pastebin.com
886,0,0,http://www.hidemyass.com
887,0,0,http://www.rtl.de
888,0,0,http://www.costco.com
889,0,0,http://www.tistory.com
890,0,0,http://www.seobook.com
891,0,0,http://www.21cn.com
892,0,0,http://www.makeuseof.com
893,0,0,http://www.liveperson.net
894,0,0,http://www.tenpay.com
895,0,0,http://www.nasa.gov
896,0,0,http://www.directadvert.ru
897,0,0,http://www.mercadolibre.com.ve
898,0,0,http://www.tgbus.com
899,0,0,http://www.nationalgeographic.com
900,0,0,http://www.searchcompletion.com
901,0,0,http://www.gnavi.co.jp
902,0,0,http://www.askmen.com
903,0,0,http://www.bhphotovideo.com
904,0,0,http://www.seowhy.com
905,0,0,http://www.lashou.com
906,0,0,http://www.7k7k.com
907,0,0,http://www.trafficholder.com
908,0,0,http://www.sxc.hu
909,0,0,http://www.weblio.jp
910,0,0,http://www.skysports.com
911,0,0,http://www.skycn.com
912,0,0,http://www.songs.pk
913,0,0,http://www.linkbucks.com
914,0,0,http://www.wetter.com
915,0,0,http://www.radikal.ru
916,0,0,http://www.filecrop.com
917,0,0,http://www.enterfactory.com
918,0,0,http://www.ads8.com
919,0,0,http://www.pclady.com.cn
920,0,0,http://www.noticias24.com
921,0,0,http://www.17173.com
922,0,0,http://www.pornerbros.com
923,0,0,http://www.subito.it
924,0,0,http://www.orbitz.com
925,0,0,http://www.novinky.cz
926,0,0,http://www.r7.com
927,0,0,http://www.staples.com
928,0,0,http://www.empflix.com
929,0,0,http://www.gmw.cn
930,0,0,http://www.firstload.com
931,0,0,http://www.gumtree.com
932,0,0,http://www.tv-links.eu
933,0,0,http://www.laredoute.fr
934,0,0,http://www.sueddeutsche.de
935,0,0,http://www.perfectgirls.net
936,0,0,http://www.aruba.it
937,0,0,http://www.siteadvisor.com
938,0,0,http://www.elegantthemes.com
939,0,0,http://www.bahn.de
940,0,0,http://www.apache.org
941,0,0,http://www.incredimail.com
942,0,0,http://www.idnes.cz
943,0,0,http://www.opensiteexplorer.org
944,0,0,http://www.partypoker.com
945,0,0,http://www.178.com
946,0,0,http://www.mail.com
947,0,0,http://www.jxliu.com
948,0,0,http://www.infoseek.co.jp
949,0,0,http://www.aljazeera.net
950,0,0,http://www.xhamstercams.com
951,0,0,http://www.27.cn
953,0,0,http://www.livestream.com
954,0,0,http://www.programme-tv.net
955,0,0,http://www.clarin.com
956,0,0,http://www.fat999.com
957,0,0,http://www.1and1.com
958,0,0,http://www.wazzub.info
959,0,0,http://www.made-in-china.com
960,0,0,http://www.mtv.com
961,0,0,http://www.4chan.org
962,0,0,http://www.ft.com
963,0,0,http://www.onlylady.com
964,0,0,http://www.lacaixa.es
965,0,0,http://www.gamer.com.tw
966,0,0,http://www.zing.vn
967,0,0,http://www.h2porn.com
968,0,0,http://www.subscribe.ru
969,0,0,http://www.google.com.ec
970,0,0,http://www.analyrics.com
971,0,0,http://www.eztv.it
972,0,0,http://www.orkut.co.in
973,0,0,http://www.rightmove.co.uk
974,0,0,http://www.ahram.org.eg
975,0,0,http://www.freeones.com
976,0,0,http://www.nikkansports.com
977,0,0,http://www.dpreview.com
978,0,0,http://www.webhostingtalk.com
979,0,0,http://www.100tjs.com
980,0,0,http://www.alarabiya.net
981,0,0,http://www.meteofrance.com
982,0,0,http://www.google.com.do
983,0,0,http://www.norton.com
984,0,0,http://www.kicker.de
985,0,0,http://www.adultadworld.com
986,0,0,http://www.sdo.com
987,0,0,http://www.ebay.ca
988,0,0,http://www.channel-reward-central.com
989,0,0,http://www.majesticseo.com
990,0,0,http://www.ninemsn.com.au
991,0,0,http://www.idealo.de
992,0,0,http://www.citrixonline.com
993,0,0,http://www.cloudfront.net
994,0,0,http://www.stackexchange.com
995,0,0,http://www.pcmag.com
996,0,0,http://www.webmasterworld.com
997,0,0,http://www.piriform.com
998,0,0,http://www.tuenti.com
999,0,0,http://www.nordstrom.com
1000,0,0,http://www.pcpop.com
1,1,1,http://www.nindya.co.id/yp/1/
2,1,1,http://nindya.co.id/yp/1/
3,1,1,http://abc8.trentclub.xyz/
4,1,1,http://ayudaalhispano.com/googletells/
5,1,1,http://6url.ru/jwCz
6,1,1,http://6url.ru/jwHR
7,1,1,http://174.136.12.206/~csaczcom/
8,1,1,http://6url.ru/jwFK
9,1,1,http://freshtopsale.su/?55
10,1,1,http://girlbossllc.com/wp-includes/
11,1,1,http://christophercrossing.com/os/lda/adv/lda/index.php
12,1,1,http://logystyca.com/Info/updateinformation.php
13,1,1,http://balticdom.ru/components/com_jce/
15,1,0,http://lisbonamazinghostels.net/az/clg/login.php
16,1,1,http://mariadagloria.org/includes/js/logon.do.php
17,1,1,http://cr126security.xyz/main/
18,1,1,http://elizabethmarin.com/account/
19,1,1,http://tbctrasportsetlogistics.com/send/
20,1,1,http://i-fitness.co.ke//cache/4132470/
21,1,1,http://www.hardfuckmature.com/zoluwa/maps/
22,1,1,http://sunsetonseneca.com/wp-includes/pomo/hys/index2.php
23,1,1,http://sunsetonseneca.com/wp-includes/pomo/hys/pin.php
24,1,1,http://www.helpdesk-appinfo.com
25,1,1,http://support-intl-paypal-webss.intersake.com/
26,1,1,http://anynamez.com/tmp
27,1,1,http://nindya.co.id/ppro/1/index.htm
28,1,1,http://peanuts.pk/fissh/Yahooo/
29,1,1,http://peekshipex.com/deek/
30,1,1,http://kellysmith.ca/verification.html
31,1,1,http://www.repcso.com/
32,1,1,http://app.nakedmedia.in/
33,1,1,http://logystyca.com/Info
35,1,1,http://immrice.com/dhl/index.html
36,1,1,http://i-fitness.co.ke/cache/4132470/
37,1,1,http://www.permission3000.com/d/em/login.php
38,1,1,http://themoxiementor.com/Chris
40,1,1,http://thomdrama.com/wp-includes
41,1,1,http://naturalac.com.br/images/home
42,1,1,http://www.feeforbuyers.com/dmk/lbkgf
43,1,1,http://a2amatrimonial.com/results
44,1,1,http://sunsetonseneca.com/wp-includes
45,1,1,http://siamhf.org/NEW/excel
47,1,1,http://mccallshorseworld.com/HB101/Alibaba
48,1,1,http://cafeh.ie/grace/secure-domains
49,1,1,http://site-du-web.webnode.fr/
50,1,1,http://ofertasprodutoscomdesconto.com/
51,1,1,http://rondasforyou.com.br/
52,1,1,http://ww.wgoogle.co/
53,1,1,http://asghar-enterprises.com/login/pageo/
54,1,1,https://securescheck.com/webapp/merchant/resolve/index.php
55,1,1,https://www.volny.cz/
56,1,1,https://edstuffs.net:443/the/
57,1,0,http://progressiveautoinsurance.loginj.net/
58,1,1,http://catalystinsurancegroup.com/MIEN/
59,1,1,http://versal-restoran.ru/andrea/GD/
60,1,1,https://fotocompany.com.br/ui/
61,1,1,https://paypal.webapps-problems-account.com/
62,1,1,http://tinyurl.com/gm6dln2
63,1,1,http://theturningpost.com/MIEN/
64,1,1,http://tesai.org.py/dd/Dropfile/
65,1,1,http://fyipdff.com/imq/dropbx/dropbx/
66,1,1,http://amexsafetykey.org/login/step4.html
67,1,1,http://amexsafetykey.org/login/step3.html
68,1,1,http://amexsafetykey.org/login/step2.html
69,1,1,http://thewatermark.info/zip/casts/index.php
70,1,1,http://robertoarikawa.com.br/ns/
71,1,0,http://latapuca.com/
72,1,1,http://www.ilmugendam.com/bodagiga/wr/cd/index.php
73,1,1,http://www.nexon-loginn.com/
74,1,1,http://www.zefirelli.com.br/nossas-lojas.html/
75,1,0,http://www.studiorondas.com.br
76,1,1,http://nexon-loginn.com/
77,1,0,http://bellucciempire.com/infobellucci/2/tansho/index.html
78,1,1,http://catalystinsurancegroup.com/MIEN/
79,1,1,http://thewatermark.info/zip/casts/index.php
80,1,1,http://robertoarikawa.com.br/ns/
83,1,1,http://verifi-pp.info/
81,1,1,http://robertoarikawa.com.br/ns/index.html
82,1,1,http://env-5460437.j.dnr.kz/image.jpg/
84,1,1,http://www.summaary-limited.com/
85,1,1,http://www.intec.com.py/youracounpaypal/
86,1,1,http://bushiautocare.id/Newlarge05/index.php
87,1,1,http://robertoarikawa.com.br/sp/
88,1,1,http://cgceasesorias.cl/lqw/spacebox/
89,1,1,http://www.rockntl.com/ch/auth/?Logon.aspx
90,1,1,http://ukeac.com/icloud.html
91,1,1,http://indoht.com/BAXTER/Doc/Sign/index.php
92,1,1,https://www.appliedinfo.ru/
94,1,1,http://www.acquaimagem.com.br
93,1,1,http://mywebesy.com/wp-includes/images/pnb/
96,1,0,https://www.designacrossscales.com/
95,1,1,http://bit.ly/2i8bUFt
97,1,1,http://mywebesy.com/uyc/
98,1,1,http://iah.pl/wp-home1/wp-home1/wp-home1/
99,1,1,http://www.juliefranco.co/es/confirmation/
100,1,1,http://sendmypacket.com/a7/forward.html
101,1,0,http://payszpal.com/
102,1,1,http://ubxnetease.gq/sweethyfgf.htm
103,1,1,http://kisiselyazar.com/order1/dropbox/
104,1,1,http://tinyurl.com/zzr6z6a
105,1,1,http://www.totemdisplay.com/logo/fpc.php
106,1,1,http://promorugby.pl/images/V2/
107,1,0,http://progressiveautoinsurance.loginj.net/
108,1,1,http://rainbowcubss.com/zonalzone/homezone/
109,1,0,http://www.aerokits.net/
110,1,1,http://www.maketwowishes.com
111,1,1,http://hamsatours.com/ac/G-Land/index.php
112,1,1,http://redirect-limitted-informations.com/
113,1,1,http://intec.com.py/youracounpaypal/
114,1,1,http://www.matureaccountants.com/sh/
115,1,1,http://icloudverify.co.za/verify/
116,1,1,https://edstuffs.net:443/the/
117,1,1,http://diropbox.wordpress.com/
118,1,1,http://intec.com.py/youracounpaypal/
119,1,1,http://icloudverify.co.za/verify/
120,1,1,https://www.volny.cz/
121,1,1,http://scotpress.com.ng/main/og00911/
122,1,1,http://intec.com.py/youracounpaypal
123,1,1,http://bosqueclothing.com/n.html
124,1,1,http://www.matureaccountants.com/sh
125,1,1,http://www.appleid.ds-soporte.com/
126,1,1,http://westotel.com/update.details/data1/
127,1,1,http://hamsatours.com/ac/G-Land/index.php
128,1,1,http://redirect-limitted-informations.com/
129,1,1,http://asghar-enterprises.com/login/pageo/
130,1,1,http://djchennai.com/stf/index.html
131,1,1,http://ww.wgoogle.co/
132,1,1,http://sicredidispositivo.com
133,1,1,http://www.cadastro-crb.esy.es
134,1,1,http://legal-pages.at.ua/Security-page.html
135,1,1,http://www.nindya.co.id/yp/1/
136,1,1,http://abc8.trentclub.xyz/
137,1,1,http://ayudaalhispano.com/googletells/
138,1,1,http://betterforlesshome.com/Support/
139,1,1,http://impal.com.py/wp-admin/css/verify.php
140,1,1,http://gh7construtora.com.br/tq/Gdoccc/
141,1,1,http://asmejob.com/serv/lnk92.html
142,1,1,http://www.cube2014.com/logo/fpc.php
143,1,1,http://coosunchemicalhk.com/Aquaforest/adbb/ad/
144,1,1,http://coosunchemicalhk.com/ASTEC/adbb/ad/
145,1,1,https://paypal.com.manageaccount.center/
146,1,1,http://swgu-sd.org/Wells%20Fargo%20Online/w-online.php
147,1,1,http://db.tt/wZFXMNzl/
148,1,1,http://zwinger-von-der-mordschau.de/Free/
149,1,1,http://idodyno.3hoo.info/images/classes/ALIBABA.html
150,1,1,http://tanianippes.com.br/doc.pdf/GD/
151,1,1,http://www.support-xootelia.com/
152,1,1,http://commerzbank-kundennummer-akir59.ru/
153,1,1,http://taxrefund-hmrc.com
154,1,0,https://www.aptitudesoftware.com/
155,1,1,http://omdwa-dasc.com/webapps/d8341/websrc
156,1,1,http://www.itd.co.th/swf/jsj/login/login.php
157,1,1,http://www.marroart.com.br/V/
158,1,1,http://www.itd.co.th/swf/jsj/login/
159,1,1,http://www.verify-account-access.tk/
160,1,1,http://utenoskom.lt/nv/index.html
161,1,1,http://credensweb.com/images/office365.php
162,1,1,http://acjsilva.com/WFB/wellsfargo/
163,1,1,http://crownblades.com/libraries/tcpdf/adb/
164,1,1,http://accept.kz/caf/TODOS/santa/
165,1,1,https://services-case-security.com/signin/
166,1,1,https://silvergallery.in/lr/webapps/mcb5/home
167,1,1,http://silvergallery.in/webapps/md13/home
168,1,1,http://silvergallery.in/
169,1,1,http://sendmypacket.com/a4/
170,1,0,https://www.payapal-incs.com/Login
171,1,1,http://sendmypacket.com/a4/forward.html
172,1,1,http://www.spfu-guj.org/doc/index.php
173,1,1,http://www.egyptherb.com/wp-control/old/Optus.html
174,1,1,http://ativarcartaoonlinecliente.com/?
175,1,1,http://www.gestiongmurray.com/home/
176,1,1,http://standardverify.ml/httpstanderverify/index.php
177,1,1,http://payipaal-logiin.esy.es/
178,1,1,http://checkpoint-access67544.esy.es/recovery-chekpoint-login.html
179,1,1,https://silvergallery.in/
180,1,1,http://rondasforyou.com.br/
181,1,1,http://www.cawthornmilesupgrad.net/Investor/
182,1,1,http://sens.ua/en/home/verification/verification.php
183,1,1,http://jandoc.hlc.edu.tw/editor/excel.php
184,1,1,http://www.hmbattaglia.com/Config/PayPal/Update/myaccount/signin/
185,1,1,http://auc.agilizalocadora.com.br/
186,1,1,http://www.surestgod.com/doc2/draft/data.php
187,1,1,http://ppuntored.com
188,1,1,https://www.cz-seummary.com/cgbin/
189,1,1,http://paypal-uploadinfoo.c9users.io/uk/
190,1,1,http://pmcannonmd8.net/chaa/home/
191,1,1,http://utenoskom.lt/nv/review.php
192,1,1,http://acjsilva.com/WFB/wellsfargo/verify.php
193,1,1,http://com-upd.myjino.ru/
194,1,1,http://sepa-paypal.de/index.php
195,1,1,http://www.lcagroup.me/static/java/hsbc/
196,1,1,http://hamsatours.com/ac/G-Land/index.php/
197,1,1,http://lcmdgytlm.com/Bu2nA3LA5/pc.php
198,1,1,http://newgympadelsueca.com/index.php
199,1,1,http://medwolf.altervista.org/facebook/
200,1,1,http://rentasaur.com.au/system/logs/serv/
201,1,1,https://www.granadatile.com/shop/app/errors/signin/Confrim/card_info.php
202,1,1,http://www.onedrive.deltanc.net/onedriv8weN6qwAgcodingrealm3/index.php
203,1,1,http://appleid.apple25762.info/Confirmation.php
204,1,1,http://appleid.apple25762.info/Authorization.php
205,1,1,http://appleid.apple25762.info/AccountInformation.php
206,1,1,http://blacrimatattoo.gr/app/
207,1,1,http://appleid.apple25762.info/Login.php
208,1,1,http://jor-store.com/sofiuu/login.php
209,1,1,http://dimperry22.com/streeep/ST/SOS/
210,1,1,https://www.granadatile.com/shop/app/errors/signin/Confrim/card_info.php
211,1,1,http://www.onedrive.deltanc.net/onedriv8weN6qwAgcodingrealm3/index.php
212,1,1,http://editorspik.info/844-307-7484/
213,1,1,http://acharyaastrologer.com/guam/GD/index.php
214,1,1,http://www.mipmainteriors.ae/hush1/osis/index.php
215,1,1,http://mipmainteriors.ae/hush/osis/index.php
216,1,1,http://dimperry22.com/streeep/ST/SOS
217,1,1,http://bodtmileniium.hol.es
218,1,1,http://alilbaba.bugs3.com/alibaba/alibaba/alibaba/alibaba/
219,1,1,http://www.ordertom.com/orderdetails/
220,1,1,http://bioeorganic.com.au/wp-content/wez/IOLB/login.php
221,1,1,http://snsbank-ssl.nl/webdesign/
222,1,1,http://www.zefirelli.com.br/nossas-lojas.html
223,1,0,http://www.studiorondas.com.br
224,1,1,http://www.cocacolaresponsibility.co.il/nevada/HomeAct/index.php
225,1,1,http://informaticadeleste.com.ar/wp-admin/V2/
226,1,1,http://decentappliances.com/Newdocs/valid/page/main.html
227,1,1,http://atskinnyme.com/mycas/login/4341/
228,1,1,http://bmvd.com.tr/images/webmail.htm
229,1,1,http://waynebut.net/hmt/verification.php
230,1,1,http://www.yoplustwo.net/ic/wp-content/kanto/
131,1,1,http://ww.wgoogle.co/
232,1,1,http://perfect10essex.co.uk/lrekjzhw/verify.html
233,1,1,http://4thspring.com/rsu.edu/index.php
234,1,1,http://asiawellness.com.sg/aqa/maja/
235,1,1,http://instrumentomedico.com/admin/login.html
236,1,1,http://mississauga-fleamarket.org/dec/image.html
237,1,1,http://www.worldwideidinfo.info/
238,1,1,http://appleid.manage-review.com/
239,1,1,http://www.rightbrainsolution.com/m/em/login.php
240,1,1,http://yourist-ufa.ru/hot/index.php
241,1,1,http://tourofsaints.com/activate/cm/
242,1,1,http://www.mipmainteriors.ae/hush2/osis/index.php
244,1,1,http://treetopsatoxglen.com/wp-content/Caps/index.html
245,1,0,http://tamviagensmao.blogspot.com.br/
246,1,1,http://kotu.it/media/document/
247,1,1,http://www.proxysites.in.forsearch.net/out.php
248,1,0,http://www.ibeamsolution.com
249,1,1,http://bookshopkart.com/index.php
250,1,1,http://seervicesupport.com/
251,1,1,https://paypelsupport.000webhostapp.com/
252,1,1,https://grumose-safeguard.000webhostapp.com/ErrorPassword.php
253,1,1,http://uiz.eu/app/merchant/history/
254,1,1,http://inecom.com.sg/portfolio/Pdf/
255,1,1,http://ebillpayables.bygcentro.com/etisalat/MyEmail.html
256,1,1,http://www.hands.mx/img/men/dir/Information2.html
257,1,1,http://www.hands.mx/img/men/dir/Information.html
258,1,1,http://eshopitaly.it/Dropfile/
259,1,1,http://www-intl-account.check-summary.net/
260,1,0,http://ijusrecords.com/huh/001/index.php
261,1,0,http://fsnb.loginj.net/
262,1,1,http://mioapp.miogeneration.info/
263,1,1,http://elixiruae.com/mkl/lik/emailprovider/signin/index.php
264,1,1,http://www.nexon-loginn.com/
265,1,1,http://ecollectionae.bygcentro.com/etisalat/MyEmail.html
266,1,0,http://realfoodforlivingwell.com/g2/vacon.php
267,1,1,https://ppmps3.000webhostapp.com/
268,1,1,http://beforaprotectiononline.me/
269,1,1,http://realfoodforlivingwell.com/gdoc/verification.php
270,1,0,http://realfoodforlivingwell.com/gdoc/vacon.php
271,1,1,http://realfoodforlivingwell.com/g5/verification.php
272,1,0,http://realfoodforlivingwell.com/g5/vacon.php
273,1,1,http://realfoodforlivingwell.com/g2/verification.php
274,1,0,http://webmail.canoamirim.com.br/
275,1,0,http://claudenecollins.com/may/001/index.php
276,1,1,http://www.smolerlaw.com/bri/likk/emailprovider/signin/index.php
278,1,0,http://realfoodforlivingwell.com/uploads/google/vacon.php
279,1,1,http://realfoodforlivingwell.com/uploads/gdoc/verification.php
280,1,1,http://icscards-abuse.ddns.net/mijnsecure.php
281,1,1,http://elixiruae.com/mkl/likk/emailprovider/signin/index.php
282,1,1,http://www.alc.com.pt/sites/default/files/field/image/server.pt.html
283,1,1,http://aspaco.org.br/ios/
284,1,1,http://securityacc.co/webapps/670e5/websrc
285,1,1,http://kebede.org/765/
286,1,1,http://www.legendsbranson.com/memories.php
287,1,1,http://megonesia.com/yelppp/Dropbox/
288,1,1,http://www.adwebstudio.com/mkl/likk/emailprovider/signin/index.php
289,1,1,http://jorazm.com/js/MayBox/MayBox/MayBox/review12/verification.php
290,1,1,http://appleid.com-gps.top/
291,1,1,http://www.sws8.com/shop/user.asp
292,1,1,http://petrymantenimiento.com.ar/wp-admin/js/HttpS12/redirection.phps
293,1,1,http://www.www911.hk/
294,1,1,http://barniewice.pl/madeinchina.html
295,1,0,http://www.studiorondas.com.br/
296,1,0,http://paypal-gutscheincode.blogspot.com/p/wie-funktioniert-paypal.html
297,1,1,http://trustindustries.rw/spip.php?article4
298,1,0,http://bellucciempire.com/infobellucci/2/tansho/index.html
299,1,1,http://www.bestdeal.com.ng/office/nonso2/index.html
300,1,1,http://nexon-loginn.com/
301,1,1,http://funerariaamigos.com.br/
302,1,1,http://barghsport.com/help/sign-in/index.htm
303,1,0,http://sovereignbankonlinebanking.loginj.net/
304,1,1,http://taradoporfutebol.blogspot.de/
305,1,1,http://pediadubai.com/modules/gdoc/
306,1,0,http://yoplustwo.net//ic/wp-content/kanto/
307,1,1,http://confrimation-veriv.get-accounts.com/
309,1,0,http://taradoporfutebol.blogspot.com.br/
310,1,1,http://myuvpro.com/orange.fr/
311,1,0,http://atskinnyme.com/mycas/login/7488/
312,1,1,http://mallowcrashrepair.com/mv/barrrr/home/index.html
313,1,1,http://ecofashion.com.br/webmailbox/
314,1,1,http://alpinebuilders.biz/suntrust/fud/index.php
315,1,1,http://nande.in/wp-admin/maint/create/index.php
316,1,1,http://spidd.ro/admin/home/home/
317,1,1,http://smarteducation.org.in/js/effmbgsma/questions.php
318,1,1,http://almujazzalfc.com/www.dropbox.com/view.htm
319,1,1,http://mk-4.ru/css.php
321,1,1,http://paszesanniki.pl/wp-content/plugins/service.php
320,1,0,http://agenciaclose.com/login.html
321,1,0,http://app.leadsius.com/login
322,1,1,http://www.323d.com/wp-admin/Verify_now/index.html
323,1,1,http://matureaccountants.com/sh/
324,1,1,http://www.hg9610.com/
325,1,1,http://secure-account-limitations.com/
326,1,1,http://https-icscards.serveftp.com/
327,1,1,http://unnayantv.net/MNMT/
328,1,1,http://matureaccountants.com/sh
329,1,1,http://matureaccountants.com/sh
328,1,1,http://free-card-fb.16mb.com/myaccount/
330,1,0,http://www.nabpop.com/BecomeMember.htm
331,1,1,http://wdvmihtydrns.ru/
332,1,0,http://customer-servicce.com/
333,1,0,http://www.auramagnetic2u.com/product.asp
334,1,1,http://chasebankonline.loginj.net/
335,1,0,http://pahalampi.com/bing/dox/1211/
336,1,1,http://emigrationnews.com/file/richieeee/
337,1,1,http://naughtygal.ga/
338,1,1,http://fmipointfinder.com/
339,1,1,http://wellfargo.loginj.net/
340,1,1,http://bmo-contactus.com/
341,1,1,http://bigmansbreakfast.com/wellsfargo.Gucci/identity.php
342,1,1,http://leelo.ca/wellsfargo.Gucci/verify.php
343,1,1,http://leelo.ca/wellsfargo.Gucci/identity.php
344,1,1,http://versal-restoran.ru/contract/GD/
345,1,1,http://www.seeit.fr/includes/
346,1,1,http://seeit.fr/includes
347,1,1,http://ppsafetey.de/
348,1,1,http://www.access-account-limited.ml/
349,1,1,http://j614410.myjino.ru/update/verify.php
350,1,1,http://rentflatsinrome.net/securewellsfargo/wellsfargo/verify.php
305,1,1,http://fordmits.com/file/Matches/Matches/match.aspx.htm
319,1,1,http://paypal.com.customer-servicce.com/
325,1,1,http://umbicap.com/aac/
351,1,1,http://paypal.com.resolve-accounts.company/
352,1,1,http://www.ekopolin.pl/abc/update-u-account/
353,1,1,http://randomstring.studio-phopro.com/login.php
354,1,1,http://payzzz.studio-phopro.com/login.php
355,1,1,http://leelo.ca/wellsfargo.Gucci/index.html
356,1,1,http://sptministries.com/wpadmin/aim/
357,1,1,http://www.architektura.pomorze.pl/safe/
358,1,1,http://cheparo.com/admin/banerimages/paypal/
359,1,1,http://leelo.ca/wellsfargo.Gucci/index.html
360,1,1,http://rapturerebuttal.com/ga/a/world.htm
361,1,1,http://sptministries.com/wpadmin/aim/
362,1,1,http://www.architektura.pomorze.pl/safe/
363,1,1,http://xintaigjs.cn/
364,1,1,http://yintaiyin.cn/
365,1,1,http://bayule666.com/index.html
366,1,1,http://bayule666.com/
367,1,1,http://www.ttwork.cn/apple/
368,1,1,http://rentflatsinrome.net/securewellsfargo/wellsfargo/identity.php
369,1,1,http://www.faradtj.com/resources/uploads/thums/g.php
370,1,1,http://terofo-vmeste.ru/templates/atomic/css/updat/1/3.php
371,1,1,http://help4study.ru//includes/updat/1/1.php
372,1,1,http://terofo-vmeste.ru/templates/atomic/css/updat/1/1.php
373,1,1,http://inc-e.net/webapps/7ab6b/websrc
374,1,1,http://officenetworks.gr/lit/GD/
375,1,1,http://hostingathering.us/0000000003000/altweb/homepdf.html
376,1,1,http://hajax.biz/dropbox/
377,1,1,http://tandiconstruction.com/nw.php?abuse@gmail.com
378,1,1,http://nunghit.com/member14/
379,1,1,http://begese.com/Update_Information/mmp/webapps/login.php
380,1,1,http://gorooinflatables.com/pagedoc/page/index.php/
381,1,1,http://iabforum.com/DB/xPP_v1.3/index.php
382,1,1,http://adopted.net/cgi2/gdoc/filewords/index.php/
383,1,1,http://phongcachvang.com/diendan/index.php/
384,1,0,https://combatwoundedcoalition.org/events
385,1,1,http://www.theforeclosures.net/Qm/bread/index.php
386,1,1,http://www.sdcglobal.biz/mny/docs/nD/
387,1,1,http://nicehostingcompany.com/yp/2/
388,1,1,http://payp00990.myjino.ru/payus/
389,1,0,http://fedex.loginj.net/
390,1,1,http://uncensorteen.ga/
391,1,1,https://support.contacts-information.com/
392,1,1,http://ceciliamartinez.com.mx/errors/dropbox/mail.163.com/accounts.php
393,1,1,http://treeve.co/mo/mail.htm
394,1,0,https://combatwoundedcoalition.org/events
395,1,1,http://www.theforeclosures.net/Qm/bread/index.php
396,1,1,http://www.sdcglobal.biz/mny/docs/nD/
397,1,1,http://nicehostingcompany.com/yp/2/
398,1,1,http://payp00990.myjino.ru/payus/
399,1,1,http://congresoruso.org/plugins/dropbox/dropbox/index.php
400,1,0,http://katsuragawarc.com/2013/phpto/1/netflixssn/mpp/Login/
401,1,1,http://shortclink.com/
402,1,1,http://nexon-loginb.com/
403,1,1,http://www.nexon-loginv.com/
404,1,1,http://www.nexon-loginb.com/
405,1,1,http://pp-confirmation-data.ga/
406,1,0,http://itunesky.com/
407,1,1,http://www.crocegiallaspinea.it/id/apple/confirm.html
408,1,1,http://www.hrdcnainital.ac.in/cms/upload/gallery/osama/alibaba/index.php
409,1,1,http://erkenntnisraum.ch/nica/mas.ibs/asmi/mdin.php
410,1,1,http://reviewinfo.co.vu/
412,1,1,https://privacy-account-paypal.com/
411,1,1,http://chairbest.com/sell/login/
413,1,1,http://pp-confirmation-data.ga/user-login.php
414,1,1,https://unabashedlylazyglitter.tumblr.com/
415,1,1,http://cubailaviena.at/dz/signin/
416,1,1,https://telstra-mytelstra.c9users.io/
417,1,1,https://tinyurl.com/zp6wxyl
418,1,1,http://laketobias.com/wes/signon.htm
419,1,1,http://klh-ads.ml/sex.html
420,1,0,https://www.sicredicentroserra.coop/promocoes/super-troca-sicredi.html
421,1,1,http://renzogracie.co.za/Rara/Gbadurafunmi/
422,1,1,http://www.crocegiallaspinea.it/id/apple/Login
423,1,1,http://paxful.trade/paypal/
424,1,1,http://229010591922902901059129010591.hol.es/
425,1,1,http://adorishut.net/pin/KS8282/
426,1,1,http://tuzamora.com/includes/wella/index2.php
427,1,1,http://www.cocacolaresponsibility.co.il/director/HomeAct/index.php
428,1,1,http://hospilabmedical.com.br/js/update/Login.php
429,1,1,http://admin3-skala.jkr.gov.my/index.php
430,1,1,http://eagle6.co.uk/shop/errors/webapp/
431,1,1,http://eshopitaly.it/Dropfile/index.php/
432,1,0,http://www.statimllc.com/contact-us/
433,1,1,http://infopob.com/sTSj+w6L/
434,1,1,http://espsalons.com/hung/Adobi/form//
435,1,1,http://agrotradingservice.nl/wp-includes/theme-compat/aa/mmp/index.php
436,1,1,http://accountcheck-verification.com/
437,1,1,http://ppsave.de/
438,1,1,http://interauto-srl.it/wp-admin/ser-fr-am.php
439,1,1,http://recovery-password.info/recover/
440,1,1,http://mangiti.co.ke/DropBoxfile/index.html
441,1,1,http://bajumuslimmurah.co.id/mex/GD/
442,1,1,http://customer.helps-secure.info/
443,1,0,http://asianreprographics.com/css/details/us-mg5.mail.yahoo.com/pass.php
444,1,1,https://lc.cx/J39j
445,1,1,http://www.securityupdate.bid/
446,1,1,http://www.access-account-limited.gq/
447,1,1,http://radiosanjeronimo.com/quienes-somos/
448,1,1,http://www.vipmark.com.br/rem/18293
449,1,1,http://www.korisiguguf.site90.net/
450,1,1,http://www.securityupdate.bid/
451,1,1,http://www.access-account-limited.gq/
452,1,1,http://radiosanjeronimo.com/quienes-somos/
453,1,1,http://www.vipmark.com.br/rem/18293
454,1,1,http://www.korisiguguf.site90.net/
455,1,1,http://appleicloudcenter.ru/
456,1,1,http://https-icscards.serveirc.com/
458,1,1,http://treeve.co/mo/mail.htm
457,1,1,https://support.contacts-information.com/
459,1,0,http://fedex.loginj.net/
460,1,0,http://www.dssjjmm.com/
461,1,0,http://www.coderoute-ma.com/2015/01/stationnement-interdit.html
462,1,1,http://www.icloud-storse.com/?u=336
463,1,1,http://view-iphone.com/
464,1,0,http://propvaluers.co.za/
465,1,1,http://idrinkgoodbeer.com/gedaasasa/Hand/index.htm
466,1,1,http://ppsave.eu/
467,1,1,http://www.verify-lab.com/ebay/signin/
468,1,1,http://sabofashion.com/virtual/181.57.8.1629706/personas/mua/USER.html
469,1,1,https://goexclusive.org/515313/402639/
470,1,1,http://celticultrafest.com/secured/GD/
471,1,1,http://reviewaccounts.co/webapps/d5b97/websrc
472,1,1,https://www.payhelpsupport.com/webapps/f1a38/websrc
473,1,1,http://darkwolf.com.mx/suport/V2/
474,1,1,http://check.michaelklebe.com/
475,1,0,http://billorder.tec4nae.com/dcm2/email-account.html
476,1,0,http://lloydstsb-online.es.tl/Home.htm
477,1,1,http://it.superrher.com/
478,1,1,http://verificationstep-account.com/webapps/
479,1,1,http://pp-confirmation-data-de.gq/user-login.php
480,1,1,http://keripiknurbaiti.co.id/wp-includes/js/jcrop/aol/index.htm
481,1,1,http://www.znssweets.co.za/images/zee-wells/verification.html
482,1,0,http://www.fileitreturn.in
483,1,0,http://www.pvtlimitedcompany.com/
484,1,1,http://www.fssaifoodlicense.com/
485,1,0,http://www.msmessiregister.in/
486,1,0,http://www.isocertificateonline.in/
487,1,1,http://agxlogistics.com/upgrade/1_acessar.php
488,1,1,http://www.account-secure.com.croleyfoods.com/websc.php
489,1,1,http://www.znssweets.co.za/images/zee-wells/questions.html
490,1,1,http://sebinfo33.free.fr/
491,1,1,http://www.5careers.com/Histors.php?jrfol/juu.html
492,1,1,http://www.5careers.com/Histors.php?3/87506.html
493,1,1,http://ampm.org.ar/libraries/cms/application/LSI/Indexxatt.htm
494,1,1,http://www.zefirelli.com.br/loja-virtual/acessorios.html
495,1,1,http://genlabs.genlabs.co.th/ck.htm
496,1,1,http://gamo.pfn.bz/includes/Secure/Secure/
497,1,1,https://hmrc-taxs.co.uk/refund/Tax-Refund.php
498,1,1,http://www.verify-account-limit.gq/
499,1,1,http://montepionetmovel.net
500,1,1,http://caixamontepiogeralbanco.com
501,1,1,http://www.montepionetmovel.net/confirma.php
502,1,1,http://sintrarestaurant.com/TRECK/yah1.php
503,1,0,http://sears.loginj.net/
504,1,0,http://lloydstsb-online.es.tl/
505,1,1,http://www.verify-account-limit.gq/webapps/
506,1,0,http://alarp.net/date/atari-vcs/hsbc-bank-draft-application-form.php
507,1,1,http://shahidullah.net/construction/
508,1,1,http://azkiabookstore.co.id/mex/GD/
509,1,1,http://yoursbestsolutions.com/
510,1,1,http://supportlimitedaccount-services.net/
511,1,1,http://permission3000.com/aa/em/index.htm
512,1,1,http://www.permission3000.com/o/asb.co.nz/
513,1,1,http://swisher.com.mx/~swisherc/css/WellsFargologin/index.htm
514,1,1,http://jennypayne12.com/blings/ST/SOS
515,1,1,http://technoleatherbd.com/sm/asb.co.nz/
516,1,1,http://dannylamberttty.com/stripe/DE3FN3
517,1,1,http://teamduplica.com/idealbiz/lolsel/admmin.php
518,1,1,http://tasteofindiarestaurant.co.za/adi/vil/asbclient/index.htm
519,1,1,http://addmoy.altervista.org/website/
520,1,1,http://mixmebli.com.ua/catalog/view/theme/default/stylesheet/r.php
521,1,1,http://pay-pal-forum.honor.es
522,1,1,http://www.pay-pal-comunity.website.tl/
523,1,1,https://www.accountserviceupdates.com/
524,1,1,http://optimizing-account.com/
525,1,1,http://essofabtech.com/support/752f9680b1439ea4ace0/js/i.html
526,1,1,http://essofabtech.com/support
527,1,1,http://verificationaccountinfo.com/
528,1,0,http://runefish.com/
529,1,1,http://www.updateinformation.me/
530,1,1,http://store4.apple-ld.tech/ch4/
531,1,1,http://somatech.so/wp-admin/network/Bank_Of_America.php
532,1,1,http://permission3000.com/oo/em/login.php
533,1,1,http://173.212.201.209/?t67u89jiu76gf?
534,1,1,http://eegroup.info/Site/Support/ID-NUMB991/
535,1,1,http://www.armarios.com.br/excel/excel.php
536,1,1,http://eegroup.info/Site/Support/ID-NUMB257/
537,1,1,http://permission3000.com/oo/em/index.htm
538,1,1,https://server.piggybu.net/~antiviru/wp-admin/user/page/index.php
539,1,0,http://runefish.com/
540,1,1,http://www.updateinformation.me/
541,1,1,http://store4.apple-ld.tech/ch4/
542,1,1,http://somatech.so/wp-admin/network/Bank_Of_America.php
543,1,1,http://www.service-impots.org/details/files/
544,1,1,http://permission3000.com/oo/em/login.php
545,1,1,http://173.212.201.209/?t67u89jiu76gf?
546,1,1,http://eegroup.info/Site/Support/ID-NUMB991/
547,1,1,http://www.armarios.com.br/excel/excel.php
548,1,1,http://eegroup.info/Site/Support/ID-NUMB257/
549,1,1,http://permission3000.com/oo/em/index.htm
550,1,1,https://server.piggybu.net/~antiviru/wp-admin/user/page/index.php
551,1,1,http://adoroperfumes.com/system/us/
552,1,1,http://agreementsportal.com/
553,1,1,http://www.drozd-boxing.ru/bitters.php
554,1,1,http://tinyurl.com/jfjmuak
555,1,1,http://www.akkademi.com/wp-content/secure-account/login/
556,1,1,http://www.petesplacebandb.com/wpz/MicrosoftEmailUpgrade.html
557,1,1,http://www.volksbanken-deutschland.xyz/bank/banking-privateentry.php?p
558,1,1,http://lpaxpal.com/
559,1,1,http://antsuaritma.com/img/products/
560,1,1,http://kled.perfectstrikes.net/index.html
561,1,1,http://kled.perfectstrikes.net/
562,1,1,http://segurobr-243.1gb.ru/d2/Cliente/index.php
563,1,0,http://googlefoundation.somee.com/Google
564,1,1,http://fpmstore.com/sm/asb.co.nz/
565,1,1,http://sexyblackhot.com/wp-includes/pomo/Arch/Arch/Archive/.
566,1,1,http://www.twomato.com/font/home/confirm.html
567,1,1,http://www.twomato.com/font/home/
568,1,1,http://ht.ly/F1xS307kCmc
569,1,1,http://gransford.com/vmt/
570,1,0,http://santanderaviso2-001-site1.itempurl.com/2017/
571,1,1,http://dencomm.dk/plugins/authentication/-/1_acessar.php
572,1,1,http://dencomm.dk/plugins/authentication/-/
573,1,1,http://bit.ly/2hXSzKp
574,1,1,http://dencomm.dk/plugins/authentication/-/1_acessar.php
575,1,1,http://dencomm.dk/plugins/authentication/-/
576,1,1,http://bit.ly/2hXSzKp
577,1,1,http://bit.ly/2hpzpOD
578,1,1,http://www.timespick.info/
579,1,1,http://rapturerebuttal.com/bi/a/sign.htm
580,1,1,http://www.thai-hero.com/fearlessness.php
581,1,1,http://bussewildlife.com/service-noreply/AAA/
582,1,1,http://bussewildlife.com/service-noreply/anonisma/manage/bin/index.php
583,1,1,http://br2servicebra.1gb.ru/d2/index.php
584,1,1,http://www.eprecruitafrica.com/images/training/home/home
585,1,1,http://themeeo.com/sm/asb.co.nz/
586,1,1,http://www.habbyr.fr/Signin/login
587,1,1,http://www.efrata.org.br/intractability.php
586,1,1,http://www.g3emoferta.one/Smartphone/
588,1,1,https://natureofcollege.org/images/http/excel-online/review.html
589,1,1,http://ppsecurepp.com/webapps/confirme/
590,1,1,http://eegroup.info/Site/
591,1,1,http://crownblades.com/cache/att/acesso_a-c.php
592,1,1,http://www.eprecruitafrica.com/images/training/home/hom
593,1,1,http://themeeo.com/sm/asb.co.nz/
594,1,1,http://www.efrata.org.br/intractability.php
595,1,1,http://applesz.byethost6.com/4pple/https.appleid.apple.com-page=signin
596,1,1,http://www.g3emoferta.one/
597,1,1,http://ppsecurepp.com/webapps/confirme/
598,1,1,http://eegroup.info/Site/
599,1,1,http://crownblades.com/cache/att/acesso_a-c.php
600,1,1,http://crownblades.com/cache/att/frame.php
601,1,1,http://resolution-center.saeberan.com/
602,1,1,http://eegroup.info/Site/
603,1,1,http://crownblades.com/cache/att/acesso_a-c.php
604,1,1,http://crownblades.com/cache/att/frame.php
605,1,1,http://resolution-center.saeberan.com/
606,1,1,http://citadel.innovex.co/capital360/last.html/
607,1,1,http://whatsapp.phyresearchtech.com/
608,1,1,http://dnhbw.top/
609,1,1,http://clientefidelidadeaproveite.com/
610,1,0,http://broadnetla.net/contacto.html
611,1,1,http://verification-securepaymenrequired.com/
612,1,1,http://xevucudona.patelhost.com/sucrop/suncorpbank.htm
613,1,1,http://27.159.201.101:8077/suncorpbank.htm
614,1,1,http://paypal.com.secure-summary.com/
615,1,1,http://www.manage-appleid.ml.killermail.in/
616,1,1,http://eegroup.info/Site/Support/ID-NUMB792
617,1,1,http://mail.manage-appleid.ml/
618,1,1,http://www.lcloudalert.com/
619,1,1,http://mail.appleinc.gq/
620,1,1,http://www.icloud-sign-to.com/
621,1,1,http://lcloudflndlocation.ml/
622,1,1,http://www.icloud.com-maphelp.info/
623,1,1,http://www.lcloudalert.com/
624,1,1,http://mail.appleinc.gq/
625,1,1,http://www.icloud-sign-to.com/
626,1,1,http://lcloudflndlocation.ml/
627,1,0,http://islandhues.com/1/docusingn/index.php
628,1,1,http://www.appleinc.gq/
629,1,1,http://www.appleinc.founddeviceios.ml/
630,1,1,http://icloud.finder-location.com/
631,1,1,http://apple-inc.com-maphelp.info/
632,1,1,http://safirwebhost.com/wp-admin/support1/
633,1,1,http://www.labrenatofreire.com.br/Chowdhury/
634,1,1,http://server-30-r48.vmware.au.syrahost.com/c2g/.d/sd/finish.php?cmd=p
635,1,1,https://www.king-rhodes.com/test.php
636,1,1,http://www.verify-accounts-informations.tk/
637,1,1,http://www.updatesafety.org/
638,1,1,http://antsuaritma.com/media/
639,1,1,http://bit.ly/2ion5ux
640,1,1,https://www.king-rhodes.com/test.php
641,1,1,http://www.verify-accounts-informations.tk/
642,1,1,http://www.updatesafety.org/
643,1,1,http://antsuaritma.com/media/
644,1,1,https://www.verify.paypal.limitedaccountresolution.com/
645,1,1,http://taif-shop.com/system/login/
646,1,1,http://english1.instant-winner76.online
647,1,1,http://taif-shop.com/system/login
648,1,1,http://safirwebhost.com/wp-admin/re.php
649,1,1,https://pavypal-fraud.billresolvedlimit.com/
650,1,1,http://restore-access.me/
651,1,1,http://myserpausepel.com/
651,1,1,http://www.yahoosupportnumber.com.au/
652,1,1,http://www.permission3000.com/az/em/index.htm
653,1,1,http://www.medicalquickquote.com/mm/em/index.htm
654,1,1,http://permission3000.com/op/em/login.php
655,1,1,http://server-30-r48.vmware.au.syrahost.com/pad.html
656,1,1,http://www.maisketudo.kinghost.net/
657,1,1,http://shalimardelights.com/yg/2/index.htm
658,1,1,http://www.hiltonlandscaplng.com/
659,1,1,https://uni-o.jimdo.com/
660,1,1,http://www.taakhionline.com/admin/nab/
661,1,1,http://www.upodmedia.com/c/C/C/C/home/index.html
662,1,0,http://sendmypacket.com/mailguard/dropbox/index.html
663,1,1,http://en2.news-word-inc.com/f/?1482882669282
664,1,1,http://ay.gy/1h7ZfF
665,1,1,http://smlabglass.com/dhl2/documents/tracking.php
666,1,1,http://timespick.info/844-307-7484/
667,1,1,http://motany.com/intsaplus/
